[{
	"id"    :  1,
	"title" : "Restuarent Name Here",
	"description" : "Morbi non convallis lectus. Vivamus ipsum arcu, fringilla auctor justo sit amet, laoreet auctor sem. Cras mattis, lectus non tincidunt placerat, ante nisi finibus libero: 960-DB4436",
	"info"  : {"price": "$615", "bathRoom": 12, "bedRoom": 460, "perimeter": 130, "room": 4},
	"img"   : "images/map-restu.jpg",
	"propertyType" : "apartement",
	"url"   : "#",
	"lon"   : -74.0000439,
	"lat"   : 40.7205914
},{
	"id"    :  2,
	"title" : "Real Estate Name Here 2",
	"description" : "Morbi non convallis lectus. Vivamus ipsum arcu, fringilla auctor justo sit amet, laoreet auctor sem. Cras mattis, lectus non tincidunt placerat, ante nisi finibus libero: 960-DB4436",
	"info"  : {"price": "280,000", "bathRoom": 2, "bedRoom": 3, "perimeter": 130, "room": 4},
	"img"   : "images/map-realestate.jpg",
	"propertyType" : "building-area",
	"url"   : "#",
	"lon"   : -73.9988852,
	"lat"   : 40.721372
},{
	"id"    :  3,
	"title" : "Sport Name Here 3",
	"description" : "Morbi non convallis lectus. Vivamus ipsum arcu, fringilla auctor justo sit amet, laoreet auctor sem. Cras mattis, lectus non tincidunt placerat, ante nisi finibus libero: 960-DB4436",
	"info"  : {"price": "280,000", "bathRoom": 2, "bedRoom": 3, "perimeter": 130, "room": 4},
	"img"   : "images/map-sport.jpg",
	"propertyType" : "condominium",
	"url"   : "#",
	"lon"   : -73.9999151,
	"lat"   : 40.7219574
},{
	"id"    :  4,
	"title" : "Restuarent Name Here 4",
	"description" : "Morbi non convallis lectus. Vivamus ipsum arcu, fringilla auctor justo sit amet, laoreet auctor sem. Cras mattis, lectus non tincidunt placerat, ante nisi finibus libero: 960-DB4436",
	"info"  : {"price": "$615", "bathRoom": 12, "bedRoom": 460, "perimeter": 130, "room": 4},
	"img"   : "images/map-restu.jpg",
	"propertyType" : "apartement",
	"url"   : "#",
	"lon"   : -73.9975441,
	"lat"   : 40.7212988
},{
	"id"    :  5,
	"title" : "Beauty & Spa Name Here 5",
	"description" : "Morbi non convallis lectus. Vivamus ipsum arcu, fringilla auctor justo sit amet, laoreet auctor sem. Cras mattis, lectus non tincidunt placerat, ante nisi finibus libero: 960-DB4436",
	"info"  : {"price": "280,000", "bathRoom": 2, "bedRoom": 3, "perimeter": 130, "room": 4},
	"img"   : "images/map-beauty.jpg",
	"propertyType" : "cottage",
	"url"   : "#",
	"lon"   : -73.9987135,
	"lat"   : 40.7225429
},{
	"id"    :  6,
	"title" : "Vehicles 6",
	"description": "Morbi non convallis lectus. Vivamus ipsum arcu, fringilla auctor justo sit amet, laoreet auctor sem. Cras mattis, lectus non tincidunt placerat, ante nisi finibus libero: 960-F8971B",
	"info"  : {"price": "280,000", "bathRoom": 2, "bedRoom": 3, "perimeter": 130, "room": 4},
	"img"   : "images/map-vehicles.jpg",
	"propertyType" : "family-house",
	"url"   : "#",
	"lon"   : -73.9973724,
	"lat"   : 40.7224697
},{
	"id"    :  7,
	"title" : "Real Estate Name Here 7",
	"description" : "Morbi non convallis lectus. Vivamus ipsum arcu, fringilla auctor justo sit amet, laoreet auctor sem. Cras mattis, lectus non tincidunt placerat, ante nisi finibus libero: 960-DB4436",
	"info"  : {"price": "280,000", "bathRoom": 2, "bedRoom": 3, "perimeter": 130, "room": 4},
	"img"   : "images/map-realestate.jpg",
	"propertyType" : "building-area",
	"url"   : "#",
	"lon"   : -73.9999044,
	"lat"   : 40.7227949
},{
	"id"    :  8,
	"title" : "Restuarent Name Here 8",
	"description" : "Morbi non convallis lectus. Vivamus ipsum arcu, fringilla auctor justo sit amet, laoreet auctor sem. Cras mattis, lectus non tincidunt placerat, ante nisi finibus libero: 960-DB4436",
	"info"  : {"price": "$615", "bathRoom": 12, "bedRoom": 460, "perimeter": 130, "room": 4},
	"img"   : "images/map-restu.jpg",
	"propertyType" : "apartement",
	"url"   : "#",
	"lon"   : -73.9967287,
	"lat"   : 40.7231934
},{
	"id"    :  9,
	"title" : "Beauty & Spa Name Here 9",
	"description" : "Morbi non convallis lectus. Vivamus ipsum arcu, fringilla auctor justo sit amet, laoreet auctor sem. Cras mattis, lectus non tincidunt placerat, ante nisi finibus libero: 960-DB4436",
	"info"  : {"price": "280,000", "bathRoom": 2, "bedRoom": 3, "perimeter": 130, "room": 4},
	"img"   : "images/map-beauty.jpg",
	"propertyType" : "cottage",
	"url"   : "#",
	"lon"   : -73.9471722,
	"lat"   : 40.7148666
},{
	"id"    :  10,
	"title" : "Sport Name Here 10",
	"description" : "Morbi non convallis lectus. Vivamus ipsum arcu, fringilla auctor justo sit amet, laoreet auctor sem. Cras mattis, lectus non tincidunt placerat, ante nisi finibus libero: 960-DB4436",
	"info"  : {"price": "280,000", "bathRoom": 2, "bedRoom": 3, "perimeter": 130, "room": 4},
	"img"   : "images/map-sport.jpg",
	"propertyType" : "condominium",
	"url"   : "#",
	"lon"   : -73.969059,
	"lat"   : 40.7039362
},{
	"id"    :  11,
	"title" : "Restuarent Name Here 11",
	"description" : "Morbi non convallis lectus. Vivamus ipsum arcu, fringilla auctor justo sit amet, laoreet auctor sem. Cras mattis, lectus non tincidunt placerat, ante nisi finibus libero: 960-DB4436",
	"info"  : {"price": "$615", "bathRoom": 12, "bedRoom": 460, "perimeter": 130, "room": 4},
	"img"   : "images/map-restu.jpg",
	"propertyType" : "apartement",
	"url"   : "#",
	"lon"   : -73.9199638,
	"lat"   : 40.7211768
},{
	"id"    :  12,
	"title" : "Shoping 88",
	"description": "Morbi non convallis lectus. Vivamus ipsum arcu, fringilla auctor justo sit amet, laoreet auctor sem. Cras mattis, lectus non tincidunt placerat, ante nisi finibus libero: 503-DB4436",
	"info"  : {"price": "280,000", "bathRoom": 2, "bedRoom": 3, "perimeter": 130, "room": 4},
	"img"   : "images/map-shoping.jpg",
	"propertyType" : "single-home",
	"url"   : "#",
	"lon"   : -73.99231910000002,
	"lat"   : 40.7369822
},{
	"id"    :  13,
	"title" : "Real Estate Name Here 13",
	"description" : "Morbi non convallis lectus. Vivamus ipsum arcu, fringilla auctor justo sit amet, laoreet auctor sem. Cras mattis, lectus non tincidunt placerat, ante nisi finibus libero: 960-DB4436",
	"info"  : {"price": "280,000", "bathRoom": 2, "bedRoom": 3, "perimeter": 130, "room": 4},
	"img"   : "images/map-realestate.jpg",
	"propertyType" : "building-area",
	"url"   : "#",
	"lon"   : -74.0029621,
	"lat"   : 40.7436155
},{
	"id"    :  14,
	"title" : "Restuarent Name Here 14",
	"description" : "Morbi non convallis lectus. Vivamus ipsum arcu, fringilla auctor justo sit amet, laoreet auctor sem. Cras mattis, lectus non tincidunt placerat, ante nisi finibus libero: 960-DB4436",
	"info"  : {"price": "$615", "bathRoom": 12, "bedRoom": 460, "perimeter": 130, "room": 4},
	"img"   : "images/map-restu.jpg",
	"propertyType" : "apartement",
	"url"   : "#",
	"lon"   : -73.904171,
	"lat"   : 40.7073196
},{
	"id"    :  15,
	"title" : "Sport Name Here 15",
	"description" : "Morbi non convallis lectus. Vivamus ipsum arcu, fringilla auctor justo sit amet, laoreet auctor sem. Cras mattis, lectus non tincidunt placerat, ante nisi finibus libero: 960-DB4436",
	"info"  : {"price": "280,000", "bathRoom": 2, "bedRoom": 3, "perimeter": 130, "room": 4},
	"img"   : "images/map-sport.jpg",
	"propertyType" : "condominium",
	"url"   : "#",
	"lon"   : -74.0636444,
	"lat"   : 40.7346409
},{
	"id"    :  16,
	"title" : "Beauty & Spa Name Here 16",
	"description" : "Morbi non convallis lectus. Vivamus ipsum arcu, fringilla auctor justo sit amet, laoreet auctor sem. Cras mattis, lectus non tincidunt placerat, ante nisi finibus libero: 960-DB4436",
	"info"  : {"price": "280,000", "bathRoom": 2, "bedRoom": 3, "perimeter": 130, "room": 4},
	"img"   : "images/map-beauty.jpg",
	"propertyType" : "cottage",
	"url"   : "#",
	"lon"   : -74.0543747,
	"lat"   : 40.753369
},{
	"id"    :  17,
	"title" : "Vehicles 17",
	"description": "Morbi non convallis lectus. Vivamus ipsum arcu, fringilla auctor justo sit amet, laoreet auctor sem. Cras mattis, lectus non tincidunt placerat, ante nisi finibus libero: 960-F8971B",
	"info"  : {"price": "280,000", "bathRoom": 2, "bedRoom": 3, "perimeter": 130, "room": 4},
	"img"   : "images/map-vehicles.jpg",
	"propertyType" : "family-house",
	"url"   : "#",
	"lon"   : -74.0691376,
	"lat"   : 40.7610408
},{
	"id"    :  18,
	"title" : "Restuarent Name Here 18",
	"description" : "Morbi non convallis lectus. Vivamus ipsum arcu, fringilla auctor justo sit amet, laoreet auctor sem. Cras mattis, lectus non tincidunt placerat, ante nisi finibus libero: 960-DB4436",
	"info"  : {"price": "$615", "bathRoom": 12, "bedRoom": 460, "perimeter": 130, "room": 4},
	"img"   : "images/map-restu.jpg",
	"propertyType" : "apartement",
	"url"   : "#",
	"lon"   : -73.979702,
	"lat"   : 40.7529789
},{
	"id"    :  19,
	"title" : "Sport Name Here 19",
	"description" : "Morbi non convallis lectus. Vivamus ipsum arcu, fringilla auctor justo sit amet, laoreet auctor sem. Cras mattis, lectus non tincidunt placerat, ante nisi finibus libero: 960-DB4436",
	"info"  : {"price": "280,000", "bathRoom": 2, "bedRoom": 3, "perimeter": 130, "room": 4},
	"img"   : "images/map-sport.jpg",
	"propertyType" : "condominium",
	"url"   : "#",
	"lon"   : -74.0428734,
	"lat"   : 40.7715719
},{
	"id"    :  20,
	"title" : "Shoping 88",
	"description": "Morbi non convallis lectus. Vivamus ipsum arcu, fringilla auctor justo sit amet, laoreet auctor sem. Cras mattis, lectus non tincidunt placerat, ante nisi finibus libero: 503-DB4436",
	"info"  : {"price": "280,000", "bathRoom": 2, "bedRoom": 3, "perimeter": 130, "room": 4},
	"img"   : "images/map-shoping.jpg",
	"propertyType" : "single-home",
	"url"   : "#",
	"lon"   : -74.0825272,
	"lat"   : 40.7057581
},{
	"id"    :  21,
	"title" : "Restuarent Name Here 21",
	"description" : "Morbi non convallis lectus. Vivamus ipsum arcu, fringilla auctor justo sit amet, laoreet auctor sem. Cras mattis, lectus non tincidunt placerat, ante nisi finibus libero: 960-DB4436",
	"info"  : {"price": "$615", "bathRoom": 12, "bedRoom": 460, "perimeter": 130, "room": 4},
	"img"   : "images/map-restu.jpg",
	"propertyType" : "apartement",
	"url"   : "#",
	"lon"   : -74.0408134,
	"lat"   : 40.7378927
},{
	"id"    :  22,
	"title" : "Real Estate Name Here 22",
	"description" : "Morbi non convallis lectus. Vivamus ipsum arcu, fringilla auctor justo sit amet, laoreet auctor sem. Cras mattis, lectus non tincidunt placerat, ante nisi finibus libero: 960-DB4436",
	"info"  : {"price": "280,000", "bathRoom": 2, "bedRoom": 3, "perimeter": 130, "room": 4},
	"img"   : "images/map-realestate.jpg",
	"propertyType" : "building-area",
	"url"   : "#",
	"lon"   : -74.0713692,
	"lat"   : 40.7466067
},{
	"id"    :  23,
	"title" : "Restuarent Name Here 33",
	"description" : "Morbi non convallis lectus. Vivamus ipsum arcu, fringilla auctor justo sit amet, laoreet auctor sem. Cras mattis, lectus non tincidunt placerat, ante nisi finibus libero: 960-DB4436",
	"info"  : {"price": "$615", "bathRoom": 12, "bedRoom": 460, "perimeter": 130, "room": 4},
	"img"   : "images/map-restu.jpg",
	"propertyType" : "apartement",
	"url"   : "#",
	"lon"   : -73.9362717,
	"lat"   : 40.7423149
},{
	"id"    :  24,
	"title" : "Sport Name Here 24",
	"description" : "Morbi non convallis lectus. Vivamus ipsum arcu, fringilla auctor justo sit amet, laoreet auctor sem. Cras mattis, lectus non tincidunt placerat, ante nisi finibus libero: 960-DB4436",
	"info"  : {"price": "280,000", "bathRoom": 2, "bedRoom": 3, "perimeter": 130, "room": 4},
	"img"   : "images/map-sport.jpg",
	"propertyType" : "condominium",
	"url"   : "#",
	"lon"   : -73.8976479,
	"lat"   : 40.738413
},{
	"id"    :  25,
	"title" : "Sport Name Here 25",
	"description" : "Morbi non convallis lectus. Vivamus ipsum arcu, fringilla auctor justo sit amet, laoreet auctor sem. Cras mattis, lectus non tincidunt placerat, ante nisi finibus libero: 960-DB4436",
	"info"  : {"price": "280,000", "bathRoom": 2, "bedRoom": 3, "perimeter": 130, "room": 4},
	"img"   : "images/map-sport.jpg",
	"propertyType" : "condominium",
	"url"   : "#",
	"lon"   : -73.8842583,
	"lat"   : 40.7224128
},{
	"id"    :  26,
	"title" : "Sport Name Here 26",
	"description" : "Morbi non convallis lectus. Vivamus ipsum arcu, fringilla auctor justo sit amet, laoreet auctor sem. Cras mattis, lectus non tincidunt placerat, ante nisi finibus libero: 960-DB4436",
	"info"  : {"price": "280,000", "bathRoom": 2, "bedRoom": 3, "perimeter": 130, "room": 4},
	"img"   : "images/map-sport.jpg",
	"propertyType" : "condominium",
	"url"   : "#",
	"lon"   : -73.9441681,
	"lat"   : 40.73034830000001
},{
	"id"    :  27,
	"title" : "Restuarent Name Here 27",
	"description" : "Morbi non convallis lectus. Vivamus ipsum arcu, fringilla auctor justo sit amet, laoreet auctor sem. Cras mattis, lectus non tincidunt placerat, ante nisi finibus libero: 960-DB4436",
	"info"  : {"price": "$615", "bathRoom": 12, "bedRoom": 460, "perimeter": 130, "room": 4},
	"img"   : "images/map-restu.jpg",
	"propertyType" : "apartement",
	"url"   : "#",
	"lon"   : -74.0636444,
	"lat"   : 40.7204613
},{
	"id"    :  28,
	"title" : "Sport Name Here 28",
	"description" : "Morbi non convallis lectus. Vivamus ipsum arcu, fringilla auctor justo sit amet, laoreet auctor sem. Cras mattis, lectus non tincidunt placerat, ante nisi finibus libero: 960-DB4436",
	"info"  : {"price": "280,000", "bathRoom": 2, "bedRoom": 3, "perimeter": 130, "room": 4},
	"img"   : "images/map-sport.jpg",
	"propertyType" : "condominium",
	"url"   : "#",
	"lon"   : -74.0763474,
	"lat"   : 40.7602607
},{
	"id"    :  29,
	"title" : "Beauty & Spa Name Here 29",
	"description" : "Morbi non convallis lectus. Vivamus ipsum arcu, fringilla auctor justo sit amet, laoreet auctor sem. Cras mattis, lectus non tincidunt placerat, ante nisi finibus libero: 960-DB4436",
	"info"  : {"price": "280,000", "bathRoom": 2, "bedRoom": 3, "perimeter": 130, "room": 4},
	"img"   : "images/map-beauty.jpg",
	"propertyType" : "cottage",
	"url"   : "#",
	"lon"   : -73.979187,
	"lat"   : 40.7456963
},{
	"id"    :  30,
	"title" : "Real Estate Name Here 30",
	"description" : "Morbi non convallis lectus. Vivamus ipsum arcu, fringilla auctor justo sit amet, laoreet auctor sem. Cras mattis, lectus non tincidunt placerat, ante nisi finibus libero: 960-DB4436",
	"info"  : {"price": "280,000", "bathRoom": 2, "bedRoom": 3, "perimeter": 130, "room": 4},
	"img"   : "images/map-realestate.jpg",
	"propertyType" : "building-area",
	"url"   : "#",
	"lon"   : -73.9833069,
	"lat"   : 40.7307386
},{
	"id"    :  31,
	"title" : "Restuarent Name Here 31",
	"description" : "Morbi non convallis lectus. Vivamus ipsum arcu, fringilla auctor justo sit amet, laoreet auctor sem. Cras mattis, lectus non tincidunt placerat, ante nisi finibus libero: 960-DB4436",
	"info"  : {"price": "$615", "bathRoom": 12, "bedRoom": 460, "perimeter": 130, "room": 4},
	"img"   : "images/map-restu.jpg",
	"propertyType" : "apartement",
	"url"   : "#",
	"lon"   : -73.9223671,
	"lat"   : 40.7067991
},{
	"id"    :  32,
	"title" : "Sport Name Here 32",
	"description" : "Morbi non convallis lectus. Vivamus ipsum arcu, fringilla auctor justo sit amet, laoreet auctor sem. Cras mattis, lectus non tincidunt placerat, ante nisi finibus libero: 960-DB4436",
	"info"  : {"price": "280,000", "bathRoom": 2, "bedRoom": 3, "perimeter": 130, "room": 4},
	"img"   : "images/map-sport.jpg",
	"propertyType" : "condominium",
	"url"   : "#",
	"lon"   : -73.9165306,
	"lat"   : 40.7417946
},{
	"id"    :  33,
	"title" : "Sport Name Here 33",
	"description" : "Morbi non convallis lectus. Vivamus ipsum arcu, fringilla auctor justo sit amet, laoreet auctor sem. Cras mattis, lectus non tincidunt placerat, ante nisi finibus libero: 960-DB4436",
	"info"  : {"price": "280,000", "bathRoom": 2, "bedRoom": 3, "perimeter": 130, "room": 4},
	"img"   : "images/map-sport.jpg",
	"propertyType" : "condominium",
	"url"   : "#",
	"lon"   : -73.9113808,
	"lat"   : 40.7350311
},{
	"id"    :  34,
	"title" : "Beauty & Spa Name Here 34",
	"description" : "Morbi non convallis lectus. Vivamus ipsum arcu, fringilla auctor justo sit amet, laoreet auctor sem. Cras mattis, lectus non tincidunt placerat, ante nisi finibus libero: 960-DB4436",
	"info"  : {"price": "280,000", "bathRoom": 2, "bedRoom": 3, "perimeter": 130, "room": 4},
	"img"   : "images/map-beauty.jpg",
	"propertyType" : "cottage",
	"url"   : "#",
	"lon"   : -73.8967896,
	"lat"   : 40.7547994
},{
	"id"    :  35,
	"title" : "Restuarent Name Here 35",
	"description" : "Morbi non convallis lectus. Vivamus ipsum arcu, fringilla auctor justo sit amet, laoreet auctor sem. Cras mattis, lectus non tincidunt placerat, ante nisi finibus libero: 960-DB4436",
	"info"  : {"price": "$615", "bathRoom": 12, "bedRoom": 460, "perimeter": 130, "room": 4},
	"img"   : "images/map-restu.jpg",
	"propertyType" : "apartement",
	"url"   : "#",
	"lon"   : -73.8653755,
	"lat"   : 40.7377626
},{
	"id"    :  36,
	"title" : "Real Estate Name Here 36",
	"description" : "Morbi non convallis lectus. Vivamus ipsum arcu, fringilla auctor justo sit amet, laoreet auctor sem. Cras mattis, lectus non tincidunt placerat, ante nisi finibus libero: 960-DB4436",
	"info"  : {"price": "280,000", "bathRoom": 2, "bedRoom": 3, "perimeter": 130, "room": 4},
	"img"   : "images/map-realestate.jpg",
	"propertyType" : "building-area",
	"url"   : "#",
	"lon"   : -73.9697456,
	"lat"   : 40.7715719
},{
	"id"    :  37,
	"title" : "Sport Name Here 37",
	"description" : "Morbi non convallis lectus. Vivamus ipsum arcu, fringilla auctor justo sit amet, laoreet auctor sem. Cras mattis, lectus non tincidunt placerat, ante nisi finibus libero: 960-DB4436",
	"info"  : {"price": "280,000", "bathRoom": 2, "bedRoom": 3, "perimeter": 130, "room": 4},
	"img"   : "images/map-sport.jpg",
	"propertyType" : "condominium",
	"url"   : "#",
	"lon"   : -73.9814186,
	"lat"   : 40.7694918
},{
	"id"    :  38,
	"title" : "Restuarent Name Here 38",
	"description" : "Morbi non convallis lectus. Vivamus ipsum arcu, fringilla auctor justo sit amet, laoreet auctor sem. Cras mattis, lectus non tincidunt placerat, ante nisi finibus libero: 960-DB4436",
	"info"  : {"price": "$615", "bathRoom": 12, "bedRoom": 460, "perimeter": 130, "room": 4},
	"img"   : "images/map-restu.jpg",
	"propertyType" : "apartement",
	"url"   : "#",
	"lon"   : -74.0270805,
	"lat"   : 40.7772917
},{
	"id"    :  39,
	"title" : "Beauty & Spa Name Here 39",
	"description" : "Morbi non convallis lectus. Vivamus ipsum arcu, fringilla auctor justo sit amet, laoreet auctor sem. Cras mattis, lectus non tincidunt placerat, ante nisi finibus libero: 960-DB4436",
	"info"  : {"price": "280,000", "bathRoom": 2, "bedRoom": 3, "perimeter": 130, "room": 4},
	"img"   : "images/map-beauty.jpg",
	"propertyType" : "cottage",
	"url"   : "#",
	"lon"   : -73.870182,
	"lat"   : 40.75688
},{
	"id"    :  40,
	"title" : "Sport Name Here 40",
	"description" : "Morbi non convallis lectus. Vivamus ipsum arcu, fringilla auctor justo sit amet, laoreet auctor sem. Cras mattis, lectus non tincidunt placerat, ante nisi finibus libero: 960-DB4436",
	"info"  : {"price": "280,000", "bathRoom": 2, "bedRoom": 3, "perimeter": 130, "room": 4},
	"img"   : "images/map-sport.jpg",
	"propertyType" : "condominium",
	"url"   : "#",
	"lon"   : -73.8090706,
	"lat"   : 40.7488175
},{
	"id"    :  41,
	"title" : "Beauty & Spa Name Here 41",
	"description" : "Morbi non convallis lectus. Vivamus ipsum arcu, fringilla auctor justo sit amet, laoreet auctor sem. Cras mattis, lectus non tincidunt placerat, ante nisi finibus libero: 960-DB4436",
	"info"  : {"price": "280,000", "bathRoom": 2, "bedRoom": 3, "perimeter": 130, "room": 4},
	"img"   : "images/map-beauty.jpg",
	"propertyType" : "cottage",
	"url"   : "#",
	"lon"   : -73.8694954,
	"lat"   : 40.7304784
},{
	"id"    :  42,
	"title" : "Restuarent Name Here 42",
	"description" : "Morbi non convallis lectus. Vivamus ipsum arcu, fringilla auctor justo sit amet, laoreet auctor sem. Cras mattis, lectus non tincidunt placerat, ante nisi finibus libero: 960-DB4436",
	"info"  : {"price": "$615", "bathRoom": 12, "bedRoom": 460, "perimeter": 130, "room": 4},
	"img"   : "images/map-restu.jpg",
	"propertyType" : "apartement",
	"url"   : "#",
	"lon"   : -73.8736153,
	"lat"   : 40.7481673
},{
	"id"    :  43,
	"title" : "Sport Name Here 43",
	"description" : "Morbi non convallis lectus. Vivamus ipsum arcu, fringilla auctor justo sit amet, laoreet auctor sem. Cras mattis, lectus non tincidunt placerat, ante nisi finibus libero: 960-DB4436",
	"info"  : {"price": "280,000", "bathRoom": 2, "bedRoom": 3, "perimeter": 130, "room": 4},
	"img"   : "images/map-sport.jpg",
	"propertyType" : "condominium",
	"url"   : "#",
	"lon"   : -73.8827133,
	"lat"   : 40.7109631
},{
	"id"    :  44,
	"title" : "Real Estate Name Here 44",
	"description" : "Morbi non convallis lectus. Vivamus ipsum arcu, fringilla auctor justo sit amet, laoreet auctor sem. Cras mattis, lectus non tincidunt placerat, ante nisi finibus libero: 960-DB4436",
	"info"  : {"price": "280,000", "bathRoom": 2, "bedRoom": 3, "perimeter": 130, "room": 4},
	"img"   : "images/map-realestate.jpg",
	"propertyType" : "building-area",
	"url"   : "#",
	"lon"   : -73.8641739,
	"lat"   : 40.7177291
},{
	"id"    :  45,
	"title" : "Vehicles 45",
	"description": "Morbi non convallis lectus. Vivamus ipsum arcu, fringilla auctor justo sit amet, laoreet auctor sem. Cras mattis, lectus non tincidunt placerat, ante nisi finibus libero: 960-F8971B",
	"info"  : {"price": "280,000", "bathRoom": 2, "bedRoom": 3, "perimeter": 130, "room": 4},
	"img"   : "images/map-vehicles.jpg",
	"propertyType" : "family-house",
	"url"   : "#",
	"lon"   : -73.8473511,
	"lat"   : 40.7302182
},{
	"id"    :  46,
	"title" : "Restuarent Name Here 46",
	"description" : "Morbi non convallis lectus. Vivamus ipsum arcu, fringilla auctor justo sit amet, laoreet auctor sem. Cras mattis, lectus non tincidunt placerat, ante nisi finibus libero: 960-DB4436",
	"info"  : {"price": "$615", "bathRoom": 12, "bedRoom": 460, "perimeter": 130, "room": 4},
	"img"   : "images/map-restu.jpg",
	"propertyType" : "apartement",
	"url"   : "#",
	"lon"   : -73.8482094,
	"lat"   : 40.7116137
},{
	"id"    :  47,
	"title" : "Restuarent Name Here 47",
	"description" : "Morbi non convallis lectus. Vivamus ipsum arcu, fringilla auctor justo sit amet, laoreet auctor sem. Cras mattis, lectus non tincidunt placerat, ante nisi finibus libero: 960-DB4436",
	"info"  : {"price": "$615", "bathRoom": 12, "bedRoom": 460, "perimeter": 130, "room": 4},
	"img"   : "images/map-restu.jpg",
	"propertyType" : "apartement",
	"url"   : "#",
	"lon"   : -73.8274384,
	"lat"   : 40.7112234
},{
	"id"    :  48,
	"title" : "Restuarent Name Here 48",
	"description" : "Morbi non convallis lectus. Vivamus ipsum arcu, fringilla auctor justo sit amet, laoreet auctor sem. Cras mattis, lectus non tincidunt placerat, ante nisi finibus libero: 960-DB4436",
	"info"  : {"price": "$615", "bathRoom": 12, "bedRoom": 460, "perimeter": 130, "room": 4},
	"img"   : "images/map-restu.jpg",
	"propertyType" : "apartement",
	"url"   : "#",
	"lon"   : -73.8106155,
	"lat"   : 40.7237137
},{
	"id"    :  49,
	"title" : "Real Estate Name Here 49",
	"description" : "Morbi non convallis lectus. Vivamus ipsum arcu, fringilla auctor justo sit amet, laoreet auctor sem. Cras mattis, lectus non tincidunt placerat, ante nisi finibus libero: 960-DB4436",
	"info"  : {"price": "280,000", "bathRoom": 2, "bedRoom": 3, "perimeter": 130, "room": 4},
	"img"   : "images/map-realestate.jpg",
	"propertyType" : "building-area",
	"url"   : "#",
	"lon"   : -73.8301849,
	"lat"   : 40.7324296
},{
	"id"    :  50,
	"title" : "Vehicles 50",
	"description": "Morbi non convallis lectus. Vivamus ipsum arcu, fringilla auctor justo sit amet, laoreet auctor sem. Cras mattis, lectus non tincidunt placerat, ante nisi finibus libero: 960-F8971B",
	"info"  : {"price": "280,000", "bathRoom": 2, "bedRoom": 3, "perimeter": 130, "room": 4},
	"img"   : "images/map-vehicles.jpg",
	"propertyType" : "family-house",
	"url"   : "#",
	"lon"   : -73.82864,
	"lat"   : 40.7594805
},{
	"id"    :  51,
	"title" : "Restuarent Name Here 51",
	"description" : "Morbi non convallis lectus. Vivamus ipsum arcu, fringilla auctor justo sit amet, laoreet auctor sem. Cras mattis, lectus non tincidunt placerat, ante nisi finibus libero: 960-DB4436",
	"info"  : {"price": "$615", "bathRoom": 12, "bedRoom": 460, "perimeter": 130, "room": 4},
	"img"   : "images/map-restu.jpg",
	"propertyType" : "apartement",
	"url"   : "#",
	"lon"   : -73.92219540000002,
	"lat"   : 40.76962180000001
},{
	"id"    :  52,
	"title" : "Sport Name Here 52",
	"description" : "Morbi non convallis lectus. Vivamus ipsum arcu, fringilla auctor justo sit amet, laoreet auctor sem. Cras mattis, lectus non tincidunt placerat, ante nisi finibus libero: 960-DB4436",
	"info"  : {"price": "280,000", "bathRoom": 2, "bedRoom": 3, "perimeter": 130, "room": 4},
	"img"   : "images/map-sport.jpg",
	"propertyType" : "condominium",
	"url"   : "#",
	"lon"   : -73.9383316,
	"lat"   : 40.7434854
},{
	"id"    :  53,
	"title" : "Shoping 53",
	"description": "Morbi non convallis lectus. Vivamus ipsum arcu, fringilla auctor justo sit amet, laoreet auctor sem. Cras mattis, lectus non tincidunt placerat, ante nisi finibus libero: 503-DB4436",
	"info"  : {"price": "280,000", "bathRoom": 2, "bedRoom": 3, "perimeter": 130, "room": 4},
	"img"   : "images/map-shoping.jpg",
	"propertyType" : "single-home",
	"url"   : "#",
	"lon"   : -73.9379883,
	"lat"   : 40.7443958
},{
	"id"    :  54,
	"title" : "Vehicles 54",
	"description": "Morbi non convallis lectus. Vivamus ipsum arcu, fringilla auctor justo sit amet, laoreet auctor sem. Cras mattis, lectus non tincidunt placerat, ante nisi finibus libero: 960-F8971B",
	"info"  : {"price": "280,000", "bathRoom": 2, "bedRoom": 3, "perimeter": 130, "room": 4},
	"img"   : "images/map-vehicles.jpg",
	"propertyType" : "family-house",
	"url"   : "#",
	"lon"   : -73.9390182,
	"lat"   : 40.7412744
},{
	"id"    :  55,
	"title" : "Real Estate Name Here 55",
	"description" : "Morbi non convallis lectus. Vivamus ipsum arcu, fringilla auctor justo sit amet, laoreet auctor sem. Cras mattis, lectus non tincidunt placerat, ante nisi finibus libero: 960-DB4436",
	"info"  : {"price": "280,000", "bathRoom": 2, "bedRoom": 3, "perimeter": 130, "room": 4},
	"img"   : "images/map-realestate.jpg",
	"propertyType" : "building-area",
	"url"   : "#",
	"lon"   : -73.9402199,
	"lat"   : 40.7459564
},{
	"id"    :  56,
	"title" : "Sport Name Here 56",
	"description" : "Morbi non convallis lectus. Vivamus ipsum arcu, fringilla auctor justo sit amet, laoreet auctor sem. Cras mattis, lectus non tincidunt placerat, ante nisi finibus libero: 960-DB4436",
	"info"  : {"price": "280,000", "bathRoom": 2, "bedRoom": 3, "perimeter": 130, "room": 4},
	"img"   : "images/map-sport.jpg",
	"propertyType" : "condominium",
	"url"   : "#",
	"lon"   : -73.9357567,
	"lat"   : 40.7466067
},{
	"id"    :  57,
	"title" : "Restuarent Name Here 57",
	"description" : "Morbi non convallis lectus. Vivamus ipsum arcu, fringilla auctor justo sit amet, laoreet auctor sem. Cras mattis, lectus non tincidunt placerat, ante nisi finibus libero: 960-DB4436",
	"info"  : {"price": "$615", "bathRoom": 12, "bedRoom": 460, "perimeter": 130, "room": 4},
	"img"   : "images/map-restu.jpg",
	"propertyType" : "apartement",
	"url"   : "#",
	"lon"   : -73.9936066,
	"lat"   : 40.7380228
},{
	"id"    :  58,
	"title" : "Shoping 58",
	"description": "Morbi non convallis lectus. Vivamus ipsum arcu, fringilla auctor justo sit amet, laoreet auctor sem. Cras mattis, lectus non tincidunt placerat, ante nisi finibus libero: 503-DB4436",
	"info"  : {"price": "280,000", "bathRoom": 2, "bedRoom": 3, "perimeter": 130, "room": 4},
	"img"   : "images/map-shoping.jpg",
	"propertyType" : "single-home",
	"url"   : "#",
	"lon"   : -73.9929199,
	"lat"   : 40.7390633
},{
	"id"    :  59,
	"title" : "Vehicles 59",
	"description": "Morbi non convallis lectus. Vivamus ipsum arcu, fringilla auctor justo sit amet, laoreet auctor sem. Cras mattis, lectus non tincidunt placerat, ante nisi finibus libero: 960-F8971B",
	"info"  : {"price": "280,000", "bathRoom": 2, "bedRoom": 3, "perimeter": 130, "room": 4},
	"img"   : "images/map-vehicles.jpg",
	"propertyType" : "family-house",
	"url"   : "#",
	"lon"   : -73.9929199,
	"lat"   : 40.7390633
},{
	"id"    :  60,
	"title" : "Vehicles 60",
	"description": "Morbi non convallis lectus. Vivamus ipsum arcu, fringilla auctor justo sit amet, laoreet auctor sem. Cras mattis, lectus non tincidunt placerat, ante nisi finibus libero: 960-F8971B",
	"info"  : {"price": "280,000", "bathRoom": 2, "bedRoom": 3, "perimeter": 130, "room": 4},
	"img"   : "images/map-vehicles.jpg",
	"propertyType" : "family-house",
	"url"   : "#",
	"lon"   : -73.9929199,
	"lat"   : 40.7390633
},{
	"id"    :  61,
	"title" : "Restuarent Name Here 61",
	"description" : "Morbi non convallis lectus. Vivamus ipsum arcu, fringilla auctor justo sit amet, laoreet auctor sem. Cras mattis, lectus non tincidunt placerat, ante nisi finibus libero: 960-DB4436",
	"info"  : {"price": "$615", "bathRoom": 12, "bedRoom": 460, "perimeter": 130, "room": 4},
	"img"   : "images/map-restu.jpg",
	"propertyType" : "apartement",
	"url"   : "#",
	"lon"   : -73.9949799,
	"lat"   : 40.7391934
},{
	"id"    :  62,
	"title" : "Real Estate Name Here 62",
	"description" : "Morbi non convallis lectus. Vivamus ipsum arcu, fringilla auctor justo sit amet, laoreet auctor sem. Cras mattis, lectus non tincidunt placerat, ante nisi finibus libero: 960-DB4436",
	"info"  : {"price": "280,000", "bathRoom": 2, "bedRoom": 3, "perimeter": 130, "room": 4},
	"img"   : "images/map-realestate.jpg",
	"propertyType" : "building-area",
	"url"   : "#",
	"lon"   : -73.9937568,
	"lat"   : 40.738982
},{
	"id"    :  63,
	"title" : "Sport Name Here 63",
	"description" : "Morbi non convallis lectus. Vivamus ipsum arcu, fringilla auctor justo sit amet, laoreet auctor sem. Cras mattis, lectus non tincidunt placerat, ante nisi finibus libero: 960-DB4436",
	"info"  : {"price": "280,000", "bathRoom": 2, "bedRoom": 3, "perimeter": 130, "room": 4},
	"img"   : "images/map-sport.jpg",
	"propertyType" : "condominium",
	"url"   : "#",
	"lon"   : -73.9945507,
	"lat"   : 40.7382504
},{
	"id"    :  64,
	"title" : "Shoping 64",
	"description": "Morbi non convallis lectus. Vivamus ipsum arcu, fringilla auctor justo sit amet, laoreet auctor sem. Cras mattis, lectus non tincidunt placerat, ante nisi finibus libero: 503-DB4436",
	"info"  : {"price": "280,000", "bathRoom": 2, "bedRoom": 3, "perimeter": 130, "room": 4},
	"img"   : "images/map-shoping.jpg",
	"propertyType" : "single-home",
	"url"   : "#",
	"lon"   : -73.9925981,
	"lat"   : 40.738543
},{
	"id"    :  65,
	"title" : "Vehicles 65",
	"description": "Morbi non convallis lectus. Vivamus ipsum arcu, fringilla auctor justo sit amet, laoreet auctor sem. Cras mattis, lectus non tincidunt placerat, ante nisi finibus libero: 960-F8971B",
	"info"  : {"price": "280,000", "bathRoom": 2, "bedRoom": 3, "perimeter": 130, "room": 4},
	"img"   : "images/map-vehicles.jpg",
	"propertyType" : "family-house",
	"url"   : "#",
	"lon"   : -73.9933491,
	"lat"   : 40.7387381
},{
	"id"    :  66,
	"title" : "Restuarent Name Here 66",
	"description" : "Morbi non convallis lectus. Vivamus ipsum arcu, fringilla auctor justo sit amet, laoreet auctor sem. Cras mattis, lectus non tincidunt placerat, ante nisi finibus libero: 960-DB4436",
	"info"  : {"price": "$615", "bathRoom": 12, "bedRoom": 460, "perimeter": 130, "room": 4},
	"img"   : "images/map-restu.jpg",
	"propertyType" : "apartement",
	"url"   : "#",
	"lon"   : -73.9943147,
	"lat"   : 40.7377789
},{
	"id"    :  67,
	"title" : "Real Estate Name Here 67",
	"description" : "Morbi non convallis lectus. Vivamus ipsum arcu, fringilla auctor justo sit amet, laoreet auctor sem. Cras mattis, lectus non tincidunt placerat, ante nisi finibus libero: 960-DB4436",
	"info"  : {"price": "280,000", "bathRoom": 2, "bedRoom": 3, "perimeter": 130, "room": 4},
	"img"   : "images/map-realestate.jpg",
	"propertyType" : "building-area",
	"url"   : "#",
	"lon"   : -73.9952374,
	"lat"   : 40.7386081
},{
	"id"    :  68,
	"title" : "Sport Name Here 68",
	"description" : "Morbi non convallis lectus. Vivamus ipsum arcu, fringilla auctor justo sit amet, laoreet auctor sem. Cras mattis, lectus non tincidunt placerat, ante nisi finibus libero: 960-DB4436",
	"info"  : {"price": "280,000", "bathRoom": 2, "bedRoom": 3, "perimeter": 130, "room": 4},
	"img"   : "images/map-sport.jpg",
	"propertyType" : "condominium",
	"url"   : "#",
	"lon"   : -73.9929199,
	"lat"   : 40.7383317
},{
	"id"    :  69,
	"title" : "Sport Name Here 69",
	"description" : "Morbi non convallis lectus. Vivamus ipsum arcu, fringilla auctor justo sit amet, laoreet auctor sem. Cras mattis, lectus non tincidunt placerat, ante nisi finibus libero: 960-DB4436",
	"info"  : {"price": "280,000", "bathRoom": 2, "bedRoom": 3, "perimeter": 130, "room": 4},
	"img"   : "images/map-sport.jpg",
	"propertyType" : "condominium",
	"url"   : "#",
	"lon"   : -73.9934134,
	"lat"   : 40.73747
},{
	"id"    :  70,
	"title" : "Restuarent Name Here 70",
	"description" : "Morbi non convallis lectus. Vivamus ipsum arcu, fringilla auctor justo sit amet, laoreet auctor sem. Cras mattis, lectus non tincidunt placerat, ante nisi finibus libero: 960-DB4436",
	"info"  : {"price": "$615", "bathRoom": 12, "bedRoom": 460, "perimeter": 130, "room": 4},
	"img"   : "images/map-restu.jpg",
	"propertyType" : "apartement",
	"url"   : "#",
	"lon"   : -73.9363575,
	"lat"   : 40.7450461
},{
	"id"    :  71,
	"title" : "Vehicles 71",
	"description": "Morbi non convallis lectus. Vivamus ipsum arcu, fringilla auctor justo sit amet, laoreet auctor sem. Cras mattis, lectus non tincidunt placerat, ante nisi finibus libero: 960-F8971B",
	"info"  : {"price": "280,000", "bathRoom": 2, "bedRoom": 3, "perimeter": 130, "room": 4},
	"img"   : "images/map-vehicles.jpg",
	"propertyType" : "family-house",
	"url"   : "#",
	"url"   : "#",
	"lon"   : -73.9397907,
	"lat"   : 40.744786
},{
	"id"    :  72,
	"title" : "Real Estate Name Here 72",
	"description" : "Morbi non convallis lectus. Vivamus ipsum arcu, fringilla auctor justo sit amet, laoreet auctor sem. Cras mattis, lectus non tincidunt placerat, ante nisi finibus libero: 960-DB4436",
	"info"  : {"price": "280,000", "bathRoom": 2, "bedRoom": 3, "perimeter": 130, "room": 4},
	"img"   : "images/map-realestate.jpg",
	"propertyType" : "building-area",
	"url"   : "#",
	"lon"   : -73.9402199,
	"lat"   : 40.7442657
},{
	"id"    :  73,
	"title" : "Sport Name Here 73",
	"description" : "Morbi non convallis lectus. Vivamus ipsum arcu, fringilla auctor justo sit amet, laoreet auctor sem. Cras mattis, lectus non tincidunt placerat, ante nisi finibus libero: 960-DB4436",
	"info"  : {"price": "280,000", "bathRoom": 2, "bedRoom": 3, "perimeter": 130, "room": 4},
	"img"   : "images/map-sport.jpg",
	"propertyType" : "condominium",
	"url"   : "#",
	"lon"   : -73.9452839,
	"lat"   : 40.7311288
},{
	"id"    :  74,
	"title" : "Restuarent Name Here 74",
	"description" : "Morbi non convallis lectus. Vivamus ipsum arcu, fringilla auctor justo sit amet, laoreet auctor sem. Cras mattis, lectus non tincidunt placerat, ante nisi finibus libero: 960-DB4436",
	"info"  : {"price": "$615", "bathRoom": 12, "bedRoom": 460, "perimeter": 130, "room": 4},
	"img"   : "images/map-restu.jpg",
	"propertyType" : "apartement",
	"url"   : "#",
	"lon"   : -73.9440823,
	"lat"   : 40.7311288
},{
	"id"    :  75,
	"title" : "Shoping 75",
	"description": "Morbi non convallis lectus. Vivamus ipsum arcu, fringilla auctor justo sit amet, laoreet auctor sem. Cras mattis, lectus non tincidunt placerat, ante nisi finibus libero: 503-DB4436",
	"info"  : {"price": "280,000", "bathRoom": 2, "bedRoom": 3, "perimeter": 130, "room": 4},
	"img"   : "images/map-shoping.jpg",
	"propertyType" : "single-home",
	"url"   : "#",
	"lon"   : -73.9451981,
	"lat"   : 40.73060850000001
},{
	"id"    :  76,
	"title" : "Vehicles 76",
	"description": "Morbi non convallis lectus. Vivamus ipsum arcu, fringilla auctor justo sit amet, laoreet auctor sem. Cras mattis, lectus non tincidunt placerat, ante nisi finibus libero: 960-F8971B",
	"info"  : {"price": "280,000", "bathRoom": 2, "bedRoom": 3, "perimeter": 130, "room": 4},
	"img"   : "images/map-vehicles.jpg",
	"propertyType" : "family-house",
	"url"   : "#",
	"lon"   : -73.9460564,
	"lat"   : 40.7307386
},{
	"id"    :  77,
	"title" : "Real Estate Name Here 77",
	"description" : "Morbi non convallis lectus. Vivamus ipsum arcu, fringilla auctor justo sit amet, laoreet auctor sem. Cras mattis, lectus non tincidunt placerat, ante nisi finibus libero: 960-DB4436",
	"info"  : {"price": "280,000", "bathRoom": 2, "bedRoom": 3, "perimeter": 130, "room": 4},
	"img"   : "images/map-realestate.jpg",
	"propertyType" : "building-area",
	"url"   : "#",
	"lon"   : -73.9460564,
	"lat"   : 40.7307386
},{
	"id"    :  78,
	"title" : "Vehicles 78",
	"description": "Morbi non convallis lectus. Vivamus ipsum arcu, fringilla auctor justo sit amet, laoreet auctor sem. Cras mattis, lectus non tincidunt placerat, ante nisi finibus libero: 960-F8971B",
	"info"  : {"price": "280,000", "bathRoom": 2, "bedRoom": 3, "perimeter": 130, "room": 4},
	"img"   : "images/map-vehicles.jpg",
	"propertyType" : "family-house",
	"url"   : "#",
	"lon"   : -73.9792728,
	"lat"   : 40.7467368
},{
	"id"    :  79,
	"title" : "Restuarent Name Here 79",
	"description" : "Morbi non convallis lectus. Vivamus ipsum arcu, fringilla auctor justo sit amet, laoreet auctor sem. Cras mattis, lectus non tincidunt placerat, ante nisi finibus libero: 960-DB4436",
	"info"  : {"price": "$615", "bathRoom": 12, "bedRoom": 460, "perimeter": 130, "room": 4},
	"img"   : "images/map-restu.jpg",
	"propertyType" : "apartement",
	"url"   : "#",
	"lon"   : -74.0032196,
	"lat"   : 40.7479722
},{
	"id"    :  80,
	"title" : "Shoping 80",
	"description": "Morbi non convallis lectus. Vivamus ipsum arcu, fringilla auctor justo sit amet, laoreet auctor sem. Cras mattis, lectus non tincidunt placerat, ante nisi finibus libero: 503-DB4436",
	"info"  : {"price": "280,000", "bathRoom": 2, "bedRoom": 3, "perimeter": 130, "room": 4},
	"img"   : "images/map-shoping.jpg",
	"propertyType" : "single-home",
	"url"   : "#",
	"lon"   : -73.9839077,
	"lat"   : 40.7315841
},{
	"id"    :  81,
	"title" : "Vehicles 81",
	"description": "Morbi non convallis lectus. Vivamus ipsum arcu, fringilla auctor justo sit amet, laoreet auctor sem. Cras mattis, lectus non tincidunt placerat, ante nisi finibus libero: 960-F8971B",
	"info"  : {"price": "280,000", "bathRoom": 2, "bedRoom": 3, "perimeter": 130, "room": 4},
	"img"   : "images/map-vehicles.jpg",
	"propertyType" : "family-house",
	"url"   : "#",
	"lon"   : -73.9985847,
	"lat"   : 40.73340520000001
},{
	"id"    :  82,
	"title" : "Shoping 82",
	"description": "Morbi non convallis lectus. Vivamus ipsum arcu, fringilla auctor justo sit amet, laoreet auctor sem. Cras mattis, lectus non tincidunt placerat, ante nisi finibus libero: 503-DB4436",
	"info"  : {"price": "280,000", "bathRoom": 2, "bedRoom": 3, "perimeter": 130, "room": 4},
	"img"   : "images/map-shoping.jpg",
	"propertyType" : "single-home",
	"url"   : "#",
	"lon"   : -73.9825344,
	"lat"   : 40.728332
},{
	"id"    :  83,
	"title" : "Shoping 83",
	"description": "Morbi non convallis lectus. Vivamus ipsum arcu, fringilla auctor justo sit amet, laoreet auctor sem. Cras mattis, lectus non tincidunt placerat, ante nisi finibus libero: 503-DB4436",
	"info"  : {"price": "280,000", "bathRoom": 2, "bedRoom": 3, "perimeter": 130, "room": 4},
	"img"   : "images/map-shoping.jpg",
	"propertyType" : "single-home",
	"url"   : "#",
	"lon"   : -73.91249660000001,
	"lat"   : 40.7363969
},{
	"id"    :  84,
	"title" : "Vehicles 84",
	"description": "Morbi non convallis lectus. Vivamus ipsum arcu, fringilla auctor justo sit amet, laoreet auctor sem. Cras mattis, lectus non tincidunt placerat, ante nisi finibus libero: 960-F8971B",
	"info"  : {"price": "280,000", "bathRoom": 2, "bedRoom": 3, "perimeter": 130, "room": 4},
	"img"   : "images/map-vehicles.jpg",
	"propertyType" : "family-house",
	"url"   : "#",
	"lon"   : -73.9174747,
	"lat"   : 40.7222176
},{
	"id"    :  85,
	"title" : "Vehicles 85",
	"description": "Morbi non convallis lectus. Vivamus ipsum arcu, fringilla auctor justo sit amet, laoreet auctor sem. Cras mattis, lectus non tincidunt placerat, ante nisi finibus libero: 960-F8971B",
	"info"  : {"price": "280,000", "bathRoom": 2, "bedRoom": 3, "perimeter": 130, "room": 4},
	"img"   : "images/map-vehicles.jpg",
	"propertyType" : "family-house",
	"url"   : "#",
	"lon"   : -73.9113808,
	"lat"   : 40.7371773
},{
	"id"    :  86,
	"title" : "Shoping 86",
	"description": "Morbi non convallis lectus. Vivamus ipsum arcu, fringilla auctor justo sit amet, laoreet auctor sem. Cras mattis, lectus non tincidunt placerat, ante nisi finibus libero: 503-DB4436",
	"info"  : {"price": "280,000", "bathRoom": 2, "bedRoom": 3, "perimeter": 130, "room": 4},
	"img"   : "images/map-shoping.jpg",
	"propertyType" : "single-home",
	"url"   : "#",
	"lon"   : -73.9184189,
	"lat"   : 40.7222176
},{
	"id"    :  87,
	"title" : "Shoping 87",
	"description": "Morbi non convallis lectus. Vivamus ipsum arcu, fringilla auctor justo sit amet, laoreet auctor sem. Cras mattis, lectus non tincidunt placerat, ante nisi finibus libero: 503-DB4436",
	"info"  : {"price": "280,000", "bathRoom": 2, "bedRoom": 3, "perimeter": 130, "room": 4},
	"img"   : "images/map-shoping.jpg",
	"propertyType" : "single-home",
	"url"   : "#",
	"lon"   : -73.90545850000001,
	"lat"   : 40.7131751
},{
	"id"    :  88,
	"title" : "Shoping 88",
	"description": "Morbi non convallis lectus. Vivamus ipsum arcu, fringilla auctor justo sit amet, laoreet auctor sem. Cras mattis, lectus non tincidunt placerat, ante nisi finibus libero: 503-DB4436",
	"info"  : {"price": "280,000", "bathRoom": 2, "bedRoom": 3, "perimeter": 130, "room": 4},
	"img"   : "images/map-shoping.jpg",
	"propertyType" : "single-home",
	"url"   : "#",
	"lon"   : -73.9291477,
	"lat"   : 40.7088811
},{
	"id"    :  89,
	"title" : "Vehicles 89",
	"description": "Morbi non convallis lectus. Vivamus ipsum arcu, fringilla auctor justo sit amet, laoreet auctor sem. Cras mattis, lectus non tincidunt placerat, ante nisi finibus libero: 960-F8971B",
	"info"  : {"price": "280,000", "bathRoom": 2, "bedRoom": 3, "perimeter": 130, "room": 4},
	"img"   : "images/map-vehicles.jpg",
	"propertyType" : "family-house",
	"url"   : "#",
	"lon"   : -73.9394474,
	"lat"   : 40.7184446
},{
	"id"    :  90,
	"title" : "Shoping 90",
	"description": "Morbi non convallis lectus. Vivamus ipsum arcu, fringilla auctor justo sit amet, laoreet auctor sem. Cras mattis, lectus non tincidunt placerat, ante nisi finibus libero: 503-DB4436",
	"info"  : {"price": "280,000", "bathRoom": 2, "bedRoom": 3, "perimeter": 130, "room": 4},
	"img"   : "images/map-shoping.jpg",
	"propertyType" : "single-home",
	"url"   : "#",
	"lon"   : -73.8669205,
	"lat"   : 40.7261205
},{
	"id"    :  91,
	"title" : "Vehicles 91",
	"description": "Morbi non convallis lectus. Vivamus ipsum arcu, fringilla auctor justo sit amet, laoreet auctor sem. Cras mattis, lectus non tincidunt placerat, ante nisi finibus libero: 960-F8971B",
	"info"  : {"price": "280,000", "bathRoom": 2, "bedRoom": 3, "perimeter": 130, "room": 4},
	"img"   : "images/map-vehicles.jpg",
	"propertyType" : "family-house",
	"url"   : "#",
	"lon"   : -73.8847733,
	"lat"   : 40.7332101
}]